show_id,type,title,director,country,date_added,release_year,rating,duration,listed_in
s5505,Movie,Kiss & Cry,Sean Cisterna,Canada,5/1/2017,2017,TV-MA,93 min,"Dramas, International Movies, Romantic Movies"
s6264,TV Show,Beating Again,Not Given,South Korea,5/22/2017,2015,TV-14,1 Season,"International TV Shows, Korean TV Shows, Romantic TV Shows"
s1463,TV Show,Running Man,Not Given,Pakistan,1/1/2021,2020,TV-Y7,1 Season,"Kids' TV, TV Comedies"
s6741,Movie,Farce,Shadi Ali,Egypt,6/6/2019,2017,TV-MA,94 min,"Comedies, International Movies"
s2758,Movie,Pretty Little Stalker,Sam Irvin,United States,3/31/2020,2018,TV-14,84 min,Thrillers
s4877,Movie,Dany Boon: Des Hauts De France,Isabelle Nanty,France,5/4/2018,2018,TV-MA,113 min,Stand-Up Comedy
s1091,Movie,Story of Kale: When Someone's in Love,Angga Dwimas Sasongko,Indonesia,4/8/2021,2020,TV-PG,78 min,"Dramas, International Movies, Romantic Movies"
s6207,Movie,Bachelor Girls,Shikha Makan,India,3/1/2018,2016,TV-MA,61 min,"Documentaries, International Movies"
s7139,Movie,John Mellencamp: Plain Spoken,Not Given,Pakistan,2/1/2018,2017,TV-MA,80 min,"Documentaries, Music & Musicals"
s3964,Movie,Bayonet,Kyzza Terrazas,Mexico,3/29/2019,2019,TV-MA,102 min,"Dramas, International Movies, Sports Movies"
s1054,Movie,Time Is Illmatic,One9,United States,4/15/2021,2014,TV-MA,75 min,"Documentaries, Music & Musicals"
s3474,TV Show,The K2,Not Given,South Korea,10/1/2019,2016,TV-14,1 Season,"International TV Shows, Korean TV Shows, Romantic TV Shows"
s639,TV Show,Sex/Life,Not Given,United States,6/25/2021,2021,TV-MA,1 Season,"Romantic TV Shows, TV Dramas"
s1719,TV Show,Trial 4,Not Given,United States,11/11/2020,2020,TV-MA,1 Season,"Crime TV Shows, Docuseries"
s736,Movie,Sarbath,Prabhakaran,India,6/11/2021,2021,TV-PG,113 min,"Comedies, Dramas, International Movies"
s2225,Movie,Funan,Denis Do,France,7/18/2020,2018,TV-14,87 min,"Dramas, International Movies"
s2857,Movie,Bhangra Paa Le,Sneha Taurani,India,3/1/2020,2019,TV-14,130 min,"Comedies, Dramas, International Movies"
s3913,Movie,Generation Iron 3,Vlad Yudin,United States,4/15/2019,2018,TV-MA,95 min,"Documentaries, Sports Movies"
s1102,Movie,Escape from Planet Earth,Cal Brunker,United States,4/3/2021,2013,PG,89 min,"Children & Family Movies, Comedies, Sci-Fi & Fantasy"
s1060,TV Show,House of Cards,Not Given,United States,4/14/2021,2018,TV-MA,6 Seasons,"TV Dramas, TV Thrillers"
s7895,Movie,Rosemary's Baby,Roman Polanski,United States,11/1/2019,1968,R,137 min,"Classic Movies, Horror Movies, Thrillers"
s6269,Movie,Because of Soccer,"Agasyah Karim, Khalid Kashogi",Indonesia,12/8/2018,2008,TV-14,75 min,"Comedies, Dramas, International Movies"
s8761,Movie,Would You Rather,David Guy Levy,United States,6/5/2019,2013,TV-MA,93 min,"Horror Movies, Independent Movies, Thrillers"
s6210,Movie,Backfire,Dave Patten,United States,4/5/2019,2019,TV-MA,97 min,"Dramas, Independent Movies, Thrillers"
s8152,Movie,Tarzan,"Chris Buck, Kevin Lima",United States,6/23/2018,1999,G,89 min,Children & Family Movies
s8094,TV Show,Stoked,Not Given,United States,12/16/2017,2010,TV-PG,1 Season,Kids' TV
s1618,Movie,Natalie Palamides: Nate - A One Man Show,Phil Burgers,United States,12/1/2020,2020,TV-MA,60 min,Comedies
s5901,TV Show,Wet Hot American Summer,Not Given,United States,7/31/2015,2015,TV-MA,1 Season,TV Comedies
s74,Movie,King of Boys,Kemi Adetiba,Nigeria,9/14/2021,2018,TV-MA,182 min,"Dramas, International Movies"
s6597,Movie,Detention Letter,Mohamed Samy,Egypt,8/5/2019,2017,TV-14,99 min,"Action & Adventure, International Movies"
s1493,TV Show,Bridgerton,Not Given,United States,12/25/2020,2020,TV-MA,1 Season,"Romantic TV Shows, TV Dramas"
s977,Movie,Among Family,Ozan Açıktan,Turkey,4/23/2021,2017,TV-14,127 min,"Comedies, International Movies"
s4411,TV Show,Damnation,Not Given,United States,11/7/2018,2017,TV-MA,1 Season,"Crime TV Shows, TV Dramas"
s7046,Movie,I Dream Of Dance,Maria Demeshkina Peek,Not Given,1/31/2019,2017,TV-14,106 min,"Children & Family Movies, Documentaries"
s2628,TV Show,"Coronavirus, Explained",Not Given,United States,4/26/2020,2020,TV-PG,1 Season,"Docuseries, Science & Nature TV"
s1658,Movie,Notes for My Son,Carlos Sorín,Argentina,11/24/2020,2020,TV-MA,84 min,"Dramas, International Movies"
s1402,TV Show,Carmen Sandiego,Not Given,United States,1/15/2021,2021,TV-Y7,4 Seasons,"Kids' TV, TV Thrillers"
s8767,Movie,XXx,Rob Cohen,United States,1/1/2019,2002,PG-13,124 min,"Action & Adventure, Sports Movies"
s3347,Movie,The House of Flowers Presents: The Funeral,Manolo Caro,Mexico,11/1/2019,2019,TV-MA,36 min,Movies
s6023,Movie,6-5=2,Bharat Jain,India,11/1/2017,2014,TV-MA,103 min,"Horror Movies, International Movies, Thrillers"
s4709,Movie,Perdida,Alejandro Montiel,Argentina,8/9/2018,2018,TV-MA,104 min,"Dramas, International Movies, Thrillers"
s8426,Movie,The Model,Mads Matthiesen,Denmark,12/6/2016,2016,TV-MA,104 min,"Dramas, Independent Movies, International Movies"
s836,TV Show,Eden,Not Given,Pakistan,5/27/2021,2021,TV-PG,1 Season,"Anime Series, International TV Shows"
s6363,Movie,Born Strong,"Gary Cohen, Ross Hockrow",United States,12/31/2017,2017,TV-MA,86 min,"Documentaries, Sports Movies"
s1253,Movie,How to Be Really Bad,Marco Petry,Germany,3/1/2021,2018,TV-14,100 min,"Comedies, International Movies"
s4269,Movie,Bird Box,Susanne Bier,United States,12/21/2018,2018,R,124 min,"Dramas, Sci-Fi & Fantasy, Thrillers"
s456,Movie,Emicida: AmarElo - Live in São Paulo,Fred Ouro Preto,Not Given,7/15/2021,2021,TV-MA,100 min,"Documentaries, International Movies, Music & Musicals"
s4684,Movie,Maria Bamford: The Special Special Special,Jordan Brady,United States,8/25/2018,2012,TV-MA,50 min,Stand-Up Comedy
s796,TV Show,Happy Endings,Not Given,United States,6/2/2021,2012,TV-14,3 Seasons,TV Comedies
s8610,TV Show,Towies,Not Given,Pakistan,12/27/2017,2016,TV-MA,1 Season,"International TV Shows, Reality TV"
s8028,Movie,Siren,Gregg Bishop,United States,1/1/2020,2016,TV-MA,83 min,Horror Movies
s1857,Movie,BLACKPINK: Light Up the Sky,Caroline Suh,United States,10/14/2020,2020,TV-14,80 min,"Documentaries, Music & Musicals"
s7340,Movie,Los Niños Héroes de Chapultepec,Ignacio López Escrivá,Not Given,12/15/2017,2017,TV-14,88 min,"Documentaries, International Movies"
s526,TV Show,My Little Pony: Friendship Is Magic,Not Given,United States,7/6/2021,2018,TV-Y,8 Seasons,Kids' TV
s8597,TV Show,Tip the Mouse,Not Given,Germany,9/1/2017,2014,TV-Y,1 Season,Kids' TV
s3512,Movie,Avengement,Jesse V. Johnson,United Kingdom,9/17/2019,2019,TV-MA,88 min,Action & Adventure
s8724,Movie,What Makes a Psychopath?,Rebecca Harrison,United Kingdom,2/1/2019,2017,TV-14,52 min,Documentaries
s7249,Movie,Kygo: Live at the Hollywood Bowl,Devin Chanda,United States,3/12/2018,2017,TV-MA,52 min,Music & Musicals
s2246,TV Show,Dating Around: Brazil,Cassia Dian,Brazil,7/10/2020,2020,TV-14,1 Season,"International TV Shows, Reality TV, Romantic TV Shows"
s6376,Movie,Breath,Simon Baker,Australia,12/5/2018,2018,TV-MA,116 min,"Dramas, Sports Movies"
s3939,TV Show,Our Planet,Alastair Fothergill,United Kingdom,4/5/2019,2019,TV-PG,1 Season,"Docuseries, Science & Nature TV"
s6018,Movie,5 to 7,Victor Levin,United States,3/16/2017,2014,R,97 min,"Comedies, Dramas, Romantic Movies"
s5942,Movie,Being Elmo: A Puppeteer's Journey,Constance Marks,United States,2/21/2012,2011,PG,76 min,Documentaries
s290,TV Show,The Crowned Clown,Not Given,South Korea,8/10/2021,2019,TV-14,1 Season,"International TV Shows, Romantic TV Shows, TV Dramas"
s1690,Movie,Loving,Jeff Nichols,United Kingdom,11/16/2020,2016,PG-13,124 min,"Dramas, Romantic Movies"
s1481,TV Show,Still Game,Not Given,United Kingdom,12/30/2020,2018,TV-14,9 Seasons,"British TV Shows, Classic & Cult TV, International TV Shows"
s7493,Movie,Monster High: Freaky Fusion,"William Lau, Sylvain Blais",United States,1/30/2018,2014,TV-Y7,74 min,Children & Family Movies
s7989,Movie,Sex Doll,Sylvie Verheyde,United Kingdom,7/10/2017,2016,UR,103 min,"Dramas, International Movies, Romantic Movies"
s2402,TV Show,The Woods,Not Given,Poland,6/12/2020,2020,TV-MA,1 Season,"Crime TV Shows, International TV Shows, TV Dramas"
s7529,TV Show,Murderous Affairs,Not Given,United States,4/17/2018,2017,TV-MA,3 Seasons,"Crime TV Shows, Docuseries"
s5321,TV Show,Dinotrux,Not Given,United States,8/18/2017,2017,TV-Y7,5 Seasons,Kids' TV
s215,Movie,SAS: Rise of the Black Swan,Magnus Martens,Not Given,8/27/2021,2021,R,124 min,"Action & Adventure, International Movies"
s2346,Movie,Eric Andre: Legalize Everything,Eric Notarnicola,United States,6/23/2020,2020,TV-MA,52 min,Stand-Up Comedy
s1077,Movie,Shiva VS Autobots,Suhas Kadav,India,4/13/2021,2018,TV-Y7,80 min,Children & Family Movies
s2977,TV Show,Unauthorized Living,Not Given,Spain,1/31/2020,2020,TV-MA,2 Seasons,"Crime TV Shows, International TV Shows, Spanish-Language TV Shows"
s5209,TV Show,Haters Back Off,Not Given,United States,10/20/2017,2017,TV-PG,2 Seasons,"TV Comedies, Teen TV Shows"
s1888,Movie,"Best Wishes, Warmest Regards: A Schitt's Creek Farewell",Amy Segal,Canada,10/3/2020,2020,TV-MA,44 min,"Documentaries, LGBTQ Movies"
s3410,Movie,The Laundromat,Steven Soderbergh,United States,10/18/2019,2019,R,96 min,"Comedies, Dramas"
s2830,Movie,Marc Maron: End Times Fun,Lynn Shelton,United States,3/10/2020,2020,TV-MA,71 min,Stand-Up Comedy
s7347,Movie,Love Ni Bhavai,Saandeep Patel,India,5/1/2018,2017,TV-14,163 min,"Comedies, International Movies, Romantic Movies"
s4849,TV Show,Something in the Rain,Not Given,South Korea,5/26/2018,2018,TV-MA,1 Season,"International TV Shows, Korean TV Shows, Romantic TV Shows"
s2623,Movie,The Reliant,Paul Munger,United States,4/28/2020,2019,PG-13,116 min,"Dramas, Faith & Spirituality"
s73,TV Show,Jack Whitehall: Travels with My Father,Not Given,United Kingdom,9/14/2021,2021,TV-MA,5 Seasons,"British TV Shows, Docuseries, International TV Shows"
s6061,Movie,A Thin Line Between Love & Hate,Martin Lawrence,United States,12/1/2020,1996,R,108 min,"Comedies, Romantic Movies"
s4778,TV Show,Baby Ballroom,Not Given,United Kingdom,7/10/2018,2018,TV-MA,2 Seasons,"British TV Shows, International TV Shows, Reality TV"
s2148,Movie,Diamonds in the Sky,Kunle Afolayan,Nigeria,8/8/2020,2018,TV-14,113 min,"Dramas, International Movies"
s1558,Movie,Canvas,Frank E. Abney III,United States,12/11/2020,2020,G,9 min,"Children & Family Movies, Dramas"
s3709,TV Show,Paquita Salas,Not Given,Spain,6/28/2019,2018,TV-MA,3 Seasons,"International TV Shows, Spanish-Language TV Shows, TV Comedies"
s6053,Movie,A Perfect Man,Kees Van Oostrum,United States,6/6/2019,2013,R,94 min,"Dramas, Independent Movies, Romantic Movies"
s8653,Movie,Ugly,Anurag Kashyap,India,3/1/2017,2013,NR,125 min,"Dramas, International Movies, Thrillers"
s1506,TV Show,Rhyme Time Town Singalongs,Not Given,United States,12/22/2020,2020,TV-Y,1 Season,Kids' TV
s2052,Movie,Ave Maryam,Ertanto Robby Soediskam,Indonesia,9/3/2020,2018,TV-PG,73 min,"Dramas, Independent Movies, International Movies"
s7516,Movie,Movie 43,"Peter Farrelly, Will Graham, Steve Carr, Griffin Dunne, Steve Brill, James Duffy, Jonathan van Tulleken, Elizabeth Banks, Patrik Forsberg, Brett Ratner, Rusty Cundieff, James Gunn",United States,4/9/2019,2013,R,94 min,Comedies
s6160,Movie,Anarkali of Aarah,Avinash Das,India,8/1/2017,2017,TV-MA,111 min,"Dramas, Independent Movies, International Movies"
s1820,Movie,Ghadi,Amin Dora,Lebanon,10/19/2020,2013,TV-MA,101 min,"Comedies, Dramas, International Movies"
s1237,Movie,Sentinelle,Julien Leclercq,France,3/5/2021,2021,TV-MA,81 min,"Action & Adventure, Dramas, International Movies"
s7617,Movie,NOVA: Thai Cave Rescue,Tom Stubberfield,United States,7/1/2019,2018,TV-PG,53 min,Documentaries
s1961,Movie,Kiss the Ground,"Joshua Tickell, Rebecca Harrell Tickell",United States,9/22/2020,2020,TV-G,85 min,Documentaries
s2048,TV Show,Spirit Riding Free: Riding Academy,Not Given,United States,9/4/2020,2020,TV-Y7,2 Seasons,Kids' TV
s5038,Movie,Irreplaceable You,Stephanie Laing,United States,2/16/2018,2018,TV-MA,96 min,"Dramas, Romantic Movies"
s4671,TV Show,Sisters,Not Given,Australia,9/1/2018,2018,TV-MA,1 Season,"International TV Shows, TV Comedies, TV Dramas"
s7645,Movie,Oh My Ghost 3,Poj Arnon,Thailand,8/16/2018,2012,TV-MA,103 min,"Comedies, Horror Movies, International Movies"
s521,TV Show,I Think You Should Leave with Tim Robinson,Not Given,United States,7/6/2021,2021,TV-MA,2 Seasons,TV Comedies
s3436,TV Show,Beyblade Burst Turbo,Not Given,Pakistan,10/10/2019,2018,TV-Y7,1 Season,"Anime Series, Kids' TV"
s4322,TV Show,Pine Gap,Mat King,Australia,12/7/2018,2018,TV-MA,1 Season,"International TV Shows, TV Dramas"
s7160,Movie,Kaakan,Kranti Redkar,India,3/1/2018,2015,TV-PG,132 min,"Dramas, International Movies, Romantic Movies"
s7229,Movie,Krish Trish and Baltiboy: Best Friends Forever,"Munjal Shroff, Tilak Shetty",Not Given,9/8/2017,2016,TV-Y,65 min,Children & Family Movies
s6909,Movie,Hadi İnşallah,Ali Taner Baltacı,Turkey,4/4/2018,2014,TV-14,95 min,"Comedies, International Movies, Romantic Movies"
s1205,Movie,The Last Blockbuster,Taylor Morden,United States,3/15/2021,2020,TV-14,87 min,Documentaries
s611,Movie,Underworld,Len Wiseman,United States,7/1/2021,2003,R,121 min,"Action & Adventure, Horror Movies, Sci-Fi & Fantasy"
s46,Movie,My Heroes Were Cowboys,Tyler Greco,Not Given,9/16/2021,2021,PG,23 min,Documentaries
s7219,Movie,Knock Knock,Eli Roth,United States,11/1/2020,2015,R,99 min,"Horror Movies, Thrillers"
s1898,Movie,Serious Men,Sudhir Mishra,India,10/2/2020,2020,TV-MA,115 min,"Comedies, Dramas, International Movies"
s5780,Movie,Unchained: The Untold Story of Freestyle Motocross,"Paul Taublieb, Jon Freeman",United States,10/1/2016,2016,TV-MA,92 min,"Documentaries, Sports Movies"
s3227,Movie,The Body Remembers When the World Broke Open,"Elle-Máijá Tailfeathers, Kathleen Hepburn",Canada,11/27/2019,2019,TV-MA,106 min,"Dramas, Independent Movies"
s6119,Movie,All Hallows' Eve,Charlie Vaughn,United States,8/1/2017,2016,TV-G,92 min,"Children & Family Movies, Independent Movies"
s4895,Movie,Pocoyo Carnival,Not Given,Pakistan,5/1/2018,2015,TV-Y,22 min,Movies
s3292,TV Show,Put Your Head on My Shoulder,Not Given,China,11/11/2019,2019,TV-14,1 Season,"International TV Shows, Romantic TV Shows, Teen TV Shows"
s5344,Movie,Icarus,Bryan Fogel,United States,8/4/2017,2017,TV-MA,121 min,"Documentaries, Sports Movies"
s8577,Movie,This Is Not What I Expected,Derek Hui,China,10/14/2017,2017,TV-PG,107 min,"Comedies, International Movies, Romantic Movies"
s2945,TV Show,Who Killed Malcolm X?,Not Given,United States,2/7/2020,2020,TV-MA,1 Season,"Crime TV Shows, Docuseries"
s2605,Movie,A Secret Love,Chris Bolan,United States,4/29/2020,2020,TV-14,83 min,"Documentaries, LGBTQ Movies"
s8049,Movie,Social Animals,Jonathan Ignatius Green,United States,3/19/2019,2018,TV-MA,87 min,Documentaries
s7773,TV Show,Power Rangers S.P.D.,Not Given,United States,1/1/2016,2005,TV-Y7,1 Season,Kids' TV
s4043,TV Show,American Crime Story: The People v. O.J. Simpson,Not Given,United States,3/6/2019,2016,TV-MA,1 Season,"Crime TV Shows, TV Dramas"
s5104,TV Show,La Mante,Not Given,France,12/29/2017,2017,TV-MA,1 Season,"Crime TV Shows, International TV Shows, TV Dramas"
s7822,Movie,Rahasya,Manish Gupta,India,3/1/2018,2015,TV-14,117 min,"Dramas, International Movies"
s4489,TV Show,Ask the Doctor,Not Given,Australia,10/19/2018,2017,TV-PG,1 Season,"Docuseries, International TV Shows, Science & Nature TV"
s7369,TV Show,Mad Men,Not Given,United States,3/22/2015,2014,TV-14,7 Seasons,TV Dramas
s3805,Movie,The Man Who Feels No Pain,Vasan Bala,India,5/22/2019,2018,TV-14,137 min,"Action & Adventure, Comedies, International Movies"
s4323,Movie,ReMastered: Who Killed Jam Master Jay?,Brian Oakes,United States,12/7/2018,2018,TV-MA,59 min,"Documentaries, Music & Musicals"
s1875,Movie,Bigflo & Oli: Hip Hop Frenzy,"Bigflo & Oli, Jérémie Levypon",France,10/8/2020,2020,TV-MA,100 min,"Documentaries, International Movies, Music & Musicals"
s5267,Movie,Gaga: Five Foot Two,Chris Moukarbel,United States,9/22/2017,2017,TV-MA,101 min,"Documentaries, Music & Musicals"
s5468,Movie,Without Gorky,Cosima Spender,United Kingdom,5/31/2017,2011,TV-14,80 min,Documentaries
s6089,Movie,Acts of Violence,Brett Donowho,Canada,8/1/2020,2018,R,87 min,Action & Adventure
s2104,Movie,Class of '83,Atul Sabharwal,India,8/21/2020,2020,TV-14,98 min,"Dramas, International Movies, Thrillers"
s8395,Movie,The Little Mermaid,"Blake Harris, Chris Bouchard",United States,12/1/2018,2018,PG,85 min,"Children & Family Movies, Dramas"
s3778,Movie,Silent,"Limbert Fabian, Brandon Oldenburg",United States,6/4/2019,2014,TV-Y,3 min,"Children & Family Movies, Sci-Fi & Fantasy"
s8792,Movie,Young Adult,Jason Reitman,United States,11/20/2019,2011,R,94 min,"Comedies, Dramas, Independent Movies"
s730,Movie,Bling Empire - The Afterparty,"Krysia Plonka, Kristian Mercado",United States,6/12/2021,2021,TV-MA,36 min,Movies
s8230,Movie,The Bucket List,Rob Reiner,United States,10/1/2019,2007,PG-13,97 min,"Comedies, Dramas"
s8155,Movie,Tayo the Little Bus Movie: Mission Ace,Ryu Jung-woo,United States,7/1/2019,2016,TV-Y7,48 min,Children & Family Movies
s8601,TV Show,Tobot,Not Given,Canada,9/11/2019,2018,TV-Y7,2 Seasons,"Kids' TV, Korean TV Shows"
s6687,Movie,Elstree 1976,Jon Spira,United Kingdom,9/6/2016,2015,TV-PG,102 min,Documentaries
s353,Movie,The Edge of Seventeen,Kelly Fremon Craig,United States,8/1/2021,2016,R,105 min,"Comedies, Dramas"
s1907,TV Show,Evil,Not Given,United States,10/1/2020,2019,TV-14,1 Season,TV Dramas
s7709,Movie,Paris Is Burning,Jennie Livingston,United States,2/1/2017,1990,R,77 min,"Classic Movies, Cult Movies, Documentaries"
s2145,TV Show,GAME ON: A Comedy Crossover Event,Not Given,United States,8/10/2020,2020,TV-G,1 Season,"Kids' TV, TV Comedies"
s1906,Movie,Cold Harbour,Carey McKenzie,South Africa,10/1/2020,2013,TV-MA,73 min,"Action & Adventure, Dramas, International Movies"
s7376,TV Show,Maggie & Bianca: Fashion Friends,Iginio Straffi,Italy,3/31/2019,2017,TV-Y7,1 Season,"Kids' TV, TV Comedies"
s3844,TV Show,Away From Home,Not Given,Pakistan,5/8/2019,2015,TV-PG,1 Season,"International TV Shows, TV Dramas"
s8730,Movie,Where the Money Is,Marek Kanievska,Germany,1/15/2020,2000,PG-13,89 min,"Action & Adventure, Comedies, Dramas"
s4312,TV Show,Voltron: Legendary Defender,Not Given,United States,12/14/2018,2018,TV-Y7,8 Seasons,Kids' TV
s8334,Movie,The Great Raid,John Dahl,United States,11/1/2019,2005,R,133 min,"Action & Adventure, Dramas"
s7115,Movie,Jackpot,Dustin Nguyen,Vietnam,10/6/2018,2015,TV-14,92 min,"Comedies, Dramas, International Movies"
s702,Movie,Red Snow,Marie Clements,Canada,6/17/2021,2019,TV-MA,96 min,Dramas
s2578,Movie,Cracked Up: The Darrell Hammond Story,Michelle Esrick,United States,5/1/2020,2018,TV-MA,97 min,Documentaries
s5568,TV Show,Outback Truckers,Not Given,Australia,3/17/2017,2015,TV-MA,3 Seasons,Reality TV
s8367,TV Show,The Investigator: A British Crime Story,Not Given,United Kingdom,3/5/2020,2018,TV-MA,2 Seasons,"British TV Shows, Crime TV Shows, Docuseries"
s5552,Movie,The Tenth Man,Daniel Burman,Argentina,4/1/2017,2016,TV-MA,81 min,"Dramas, International Movies"
s162,Movie,Mars Attacks!,Tim Burton,United States,9/1/2021,1996,PG-13,106 min,"Comedies, Cult Movies, Sci-Fi & Fantasy"
s3980,TV Show,Charlie's Colorforms City,Not Given,United States,3/22/2019,2019,TV-Y,1 Season,Kids' TV
s8172,Movie,Tezz,Priyadarshan,United Kingdom,12/1/2017,2012,TV-MA,121 min,"Action & Adventure, International Movies, Music & Musicals"
s5769,TV Show,Love Cheque Charge,Not Given,Taiwan,10/1/2016,2014,TV-14,1 Season,"International TV Shows, Romantic TV Shows, TV Comedies"
s4746,Movie,Da Kath & Kim Code,Ted Emery,Australia,7/28/2018,2005,TV-PG,82 min,Movies
s4315,Movie,Vir Das: Losing It,Marcus Raboy,United States,12/11/2018,2018,TV-MA,68 min,Stand-Up Comedy
s6270,Movie,Because We're Heading Out,Khaled El Halafawy,Egypt,4/18/2019,2016,TV-14,99 min,"Comedies, International Movies"
s3866,Movie,Jo Pil-ho: The Dawning Rage,Lee Jeong-beom,South Korea,5/3/2019,2018,TV-MA,128 min,"Dramas, International Movies, Thrillers"
s1128,TV Show,Prank Encounters,Not Given,United States,4/1/2021,2021,TV-MA,2 Seasons,"Reality TV, TV Comedies, TV Horror"
s4275,TV Show,Sirius the Jaeger,Not Given,Japan,12/21/2018,2018,TV-MA,1 Season,"Anime Series, International TV Shows, TV Thrillers"
s6791,Movie,Four Christmases,Seth Gordon,Germany,1/1/2021,2008,PG-13,88 min,"Comedies, Romantic Movies"
s692,TV Show,So Not Worth It,Not Given,Pakistan,6/18/2021,2021,TV-14,1 Season,"International TV Shows, TV Comedies"
s3559,TV Show,Million Pound Menu,Not Given,United Kingdom,8/27/2019,2019,TV-MA,2 Seasons,"British TV Shows, International TV Shows, Reality TV"
s7545,Movie,"My Schoolmate, the Barbarian","Siu-hung Chung, Wong Jing",Hong Kong,8/16/2018,2001,TV-14,90 min,"Action & Adventure, Comedies, International Movies"
s1048,TV Show,Peasants Rebellion,Not Given,Lebanon,4/15/2021,2018,TV-14,1 Season,"International TV Shows, TV Dramas"
s4518,TV Show,The Curious Creations of Christine McConnell,Not Given,United States,10/12/2018,2018,TV-PG,1 Season,"TV Comedies, TV Mysteries"
s1442,Movie,Hello Brother,Sohail Khan,India,1/4/2021,1999,TV-14,126 min,"Action & Adventure, Comedies, International Movies"
s4075,Movie,It Takes a Man and a Woman,Cathy Garcia-Molina,Philippines,2/27/2019,2013,TV-PG,127 min,"Comedies, International Movies, Romantic Movies"
s4564,Movie,Dil Vil Pyaar Vyaar,Manjeet Maan,India,10/1/2018,2014,TV-PG,145 min,"International Movies, Music & Musicals, Romantic Movies"
s2518,TV Show,Boys Over Flowers,Not Given,South Korea,5/16/2020,2009,TV-14,1 Season,"International TV Shows, Korean TV Shows, Romantic TV Shows"
s5585,Movie,Nila,Selvamani Selvaraj,India,3/1/2017,2016,TV-MA,94 min,"Dramas, International Movies, Romantic Movies"
s4486,TV Show,The Hollywood Masters,Not Given,United States,10/23/2018,2017,TV-MA,3 Seasons,Stand-Up Comedy & Talk Shows
s366,Movie,Eyes of a Thief,Najwa Najjar,France,7/30/2021,2014,TV-14,103 min,"Dramas, Independent Movies, International Movies"
s6955,Movie,Hell and Back,"Tom Gianas, Ross R. Shuman",United States,9/6/2018,2015,R,86 min,"Action & Adventure, Comedies, Independent Movies"
s5381,TV Show,Dawn of the Croods,Not Given,United States,7/7/2017,2017,TV-Y7,4 Seasons,Kids' TV
s8469,Movie,The Pursuit,John Papola,United States,8/7/2019,2019,TV-14,76 min,Documentaries
s4235,Movie,Gina Yashere: Laughing to America,Paul M. Green,Not Given,12/31/2018,2013,TV-MA,68 min,Stand-Up Comedy
s5016,Movie,Swearnet Live,"Mike Smith, John Paul Tremblay, Robb Wells",Canada,3/1/2018,2014,TV-MA,75 min,"Comedies, International Movies"
s411,Movie,Chhota Bheem And The Broken Amulet,Rajiv Chilaka,India,7/22/2021,2013,TV-Y7,64 min,Children & Family Movies
s5270,Movie,Barbie Dolphin Magic,Conrad Helten,United States,9/18/2017,2017,TV-Y,64 min,Children & Family Movies
s4147,Movie,Velvet Buzzsaw,Dan Gilroy,United States,2/1/2019,2019,R,113 min,"Dramas, Thrillers"
s6314,Movie,Bilu Rakkhosh,Indrasis Acharya,India,3/15/2018,2017,TV-MA,127 min,"Dramas, International Movies"
s6927,Movie,Harlem Globetrotters: The Team That Changed the World,Not Given,Pakistan,11/1/2019,2005,TV-14,55 min,"Documentaries, Sports Movies"
s1044,TV Show,Gilmore Girls,Not Given,United States,4/15/2021,2006,TV-14,7 Seasons,"Romantic TV Shows, TV Comedies, TV Dramas"
s1790,Movie,Secrets of the Saqqara Tomb,James Tovell,United States,10/28/2020,2020,TV-PG,114 min,Documentaries
s1491,Movie,The Magic School Bus Rides Again In the Zone,Richard Weston,Canada,12/26/2020,2020,TV-Y,46 min,Children & Family Movies
s1031,Movie,Four Sisters Before the Wedding,Mae Czarina Cruz,Philippines,4/16/2021,2020,TV-MA,116 min,"Children & Family Movies, Comedies, Dramas"
s2983,TV Show,Find Yourself,Not Given,Pakistan,1/29/2020,2020,TV-14,1 Season,"International TV Shows, Romantic TV Shows, TV Comedies"
s8134,Movie,Survivors Guide to Prison,Matthew Cooke,United States,5/24/2018,2017,TV-MA,103 min,Documentaries
s586,Movie,Ophelia,Claire McCarthy,United Kingdom,7/1/2021,2018,PG-13,106 min,"Dramas, Romantic Movies"
s5288,TV Show,The Vampire Diaries,Not Given,United States,9/4/2017,2016,TV-14,8 Seasons,"TV Dramas, TV Mysteries, TV Sci-Fi & Fantasy"
s4693,Movie,Mom,Ravi Udyawar,India,8/21/2018,2017,TV-14,139 min,"Dramas, International Movies, Thrillers"
s3011,TV Show,Ares,Not Given,Netherlands,1/17/2020,2020,TV-MA,1 Season,"International TV Shows, TV Dramas, TV Horror"
s420,Movie,Chhota Bheem: Bheem vs Aliens,Rajiv Chilaka,India,7/22/2021,2010,TV-Y7,69 min,"Children & Family Movies, Sports Movies"
s1446,Movie,Asphalt Burning,Hallvard Bræin,Norway,1/2/2021,2020,TV-14,101 min,"Action & Adventure, Comedies, International Movies"
s5579,TV Show,Buddy Thunderstruck,Not Given,United States,3/10/2017,2017,TV-Y7,1 Season,"Kids' TV, TV Comedies"
s918,Movie,Framing John DeLorean,"Don Argott, Sheena M. Joyce",United States,5/5/2021,2019,TV-MA,109 min,"Documentaries, Dramas"
s295,Movie,Takizawa Kabuki ZERO 2020 The Movie,Hideaki Takizawa,Not Given,8/7/2021,2020,TV-PG,139 min,"International Movies, Music & Musicals"
s1504,TV Show,Lovestruck in the City,Not Given,South Korea,12/22/2020,2020,TV-14,1 Season,"International TV Shows, Romantic TV Shows, TV Comedies"
s7698,Movie,Painted Faces,Alex Law,Hong Kong,8/16/2018,1988,TV-PG,108 min,"Dramas, International Movies"
s1169,TV Show,DOTA: Dragon's Blood,Not Given,United States,3/25/2021,2021,TV-MA,1 Season,Anime Series
s7803,Movie,Pulp Fiction,Quentin Tarantino,United States,1/1/2019,1994,R,154 min,"Classic Movies, Cult Movies, Dramas"
s3520,TV Show,Kabaneri of the Iron Fortress: The Battle of Unato,Not Given,Japan,9/13/2019,2019,TV-MA,1 Season,"Anime Series, International TV Shows, TV Horror"
s2685,TV Show,The Innocence Files,Not Given,United States,4/15/2020,2020,TV-MA,1 Season,"Crime TV Shows, Docuseries"
s4667,Movie,Garbage,Qaushiq Mukherjee,India,9/1/2018,2018,TV-MA,109 min,"Dramas, Independent Movies, International Movies"
s7161,Movie,Kaalia,Tinnu Anand,India,12/31/2019,1981,TV-14,173 min,"Action & Adventure, Dramas, International Movies"
s6104,Movie,Ahista Ahista,Shivam Nair,India,12/31/2019,2006,TV-14,122 min,"Dramas, International Movies, Romantic Movies"
s6247,Movie,Barsaat,Rajkumar Santoshi,India,4/1/2018,1995,TV-PG,166 min,"Action & Adventure, International Movies, Music & Musicals"
s4176,Movie,Close,Not Given,United Kingdom,1/18/2019,2019,TV-MA,95 min,"Action & Adventure, International Movies"
s4519,TV Show,The Haunting of Hill House,Not Given,United States,10/12/2018,2018,TV-MA,1 Season,"TV Dramas, TV Horror, TV Mysteries"
s8016,TV Show,Sid the Science Kid,Not Given,United States,3/31/2020,2008,TV-Y,1 Season,Kids' TV
s8160,Movie,Teenage Mutant Ninja Turtles II: The Secret of the Ooze,Michael Pressman,United States,1/1/2020,1991,PG,88 min,"Children & Family Movies, Comedies"
s764,TV Show,Sweet Tooth,Not Given,United States,6/4/2021,2021,TV-14,1 Season,"TV Action & Adventure, TV Dramas, TV Sci-Fi & Fantasy"
s1084,Movie,The Stand-In,Jamie Babbit,United States,4/10/2021,2020,R,102 min,Comedies
s4963,Movie,Sofía Niño de Rivera: Selección Natural,"Raúl Campos, Jan Suter",Mexico,3/30/2018,2018,TV-MA,62 min,Stand-Up Comedy
s3688,TV Show,Yummy Mummies,Not Given,Australia,7/3/2019,2019,TV-MA,2 Seasons,"International TV Shows, Reality TV"
s2950,Movie,Uppity: The Willy T. Ribbs Story,"Nate Adams, Adam Carolla",United States,2/5/2020,2020,TV-MA,106 min,"Documentaries, Sports Movies"
s5644,Movie,LEGO: Marvel Super Heroes: Maximum Overload,Greg Richardson,United States,1/6/2017,2013,TV-Y7,22 min,Children & Family Movies
s8278,TV Show,The Devil Is a Part-Timer!,Not Given,Japan,4/1/2019,2013,TV-14,1 Season,Anime Series
s2768,TV Show,Ozark,Not Given,United States,3/27/2020,2020,TV-MA,3 Seasons,"Crime TV Shows, TV Dramas, TV Thrillers"
s8320,Movie,The Ghost Who Walks,Cody Stokes,United States,4/7/2020,2019,TV-MA,107 min,"Dramas, Independent Movies, Thrillers"
s6706,Movie,Esperando La Carroza,Alejandro Doria,Argentina,7/15/2018,1985,NR,95 min,"Comedies, Cult Movies, International Movies"
s7858,Movie,Resident Evil: Afterlife,Paul W.S. Anderson,Germany,1/1/2020,2010,R,97 min,"Action & Adventure, Horror Movies, Sci-Fi & Fantasy"
s1522,Movie,Rabun,Yasmin Ahmad,Malaysia,12/18/2020,2004,TV-PG,85 min,"Dramas, Independent Movies, International Movies"
s1019,Movie,Jaane Tu... Ya Jaane Na,Abbas Tyrewala,India,4/17/2021,2008,TV-14,147 min,"Comedies, International Movies, Music & Musicals"
s7778,TV Show,Power Rangers Super Megaforce,Not Given,Pakistan,1/1/2016,2014,TV-Y7,1 Season,Kids' TV
s1702,TV Show,American Horror Story,Not Given,United States,11/13/2020,2019,TV-MA,9 Seasons,"TV Horror, TV Mysteries, TV Thrillers"
s2993,TV Show,Sons of the Caliphate,Not Given,Nigeria,1/24/2020,2017,TV-14,2 Seasons,"International TV Shows, TV Dramas"
s4245,Movie,Tim Allen: Men Are Pigs,Ellen Brown,United States,12/31/2018,1990,TV-MA,30 min,Stand-Up Comedy
s7475,Movie,Mississippi Grind,"Anna Boden, Ryan Fleck",United States,7/26/2018,2015,R,109 min,"Dramas, Independent Movies"
s75,TV Show,The World's Most Amazing Vacation Rentals,Not Given,Pakistan,9/14/2021,2021,TV-PG,2 Seasons,Reality TV
s4499,TV Show,Project S The Series,Not Given,Thailand,10/19/2018,2017,TV-MA,4 Seasons,"International TV Shows, TV Dramas, Teen TV Shows"
s1778,Movie,Kaali Khuhi,Terrie Samundra,India,10/30/2020,2020,TV-14,91 min,"Horror Movies, International Movies"
s1751,TV Show,Dawson's Creek,Not Given,United States,11/1/2020,2002,TV-14,6 Seasons,"Romantic TV Shows, TV Dramas, Teen TV Shows"
s3865,TV Show,Flinch,Not Given,United Kingdom,5/3/2019,2019,TV-PG,1 Season,Reality TV
s1230,TV Show,My Way,Not Given,Egypt,3/6/2021,2015,TV-14,1 Season,"International TV Shows, TV Dramas"
s2376,Movie,The Blazing Sun,Youssef Chahine,Egypt,6/18/2020,1954,TV-14,116 min,"Classic Movies, Dramas, International Movies"
s4309,TV Show,The Innocent Man,Not Given,United States,12/14/2018,2018,TV-MA,1 Season,"Crime TV Shows, Docuseries"
s4457,Movie,Raja Natwarlal,Kunal Deshmukh,India,11/1/2018,2014,TV-14,131 min,"Dramas, International Movies, Thrillers"
s4640,TV Show,Norm Macdonald Has a Show,Not Given,United States,9/14/2018,2018,TV-MA,1 Season,"Stand-Up Comedy & Talk Shows, TV Comedies"
s7055,TV Show,Idiotest,Not Given,United States,12/15/2018,2014,TV-PG,1 Season,"Reality TV, TV Comedies"
s4880,TV Show,Kong: King of the Apes,Not Given,United States,5/4/2018,2018,TV-Y7,2 Seasons,Kids' TV
s8676,Movie,Victor,Brandon Dickerson,United States,7/24/2017,2015,PG-13,110 min,Dramas
s3362,TV Show,Tunnel,Not Given,Pakistan,10/30/2019,2019,TV-14,1 Season,"Crime TV Shows, International TV Shows, TV Dramas"
s7141,TV Show,Jonathan Strange & Mr Norrell,Toby Haynes,United Kingdom,8/25/2016,2015,TV-14,1 Season,"British TV Shows, TV Dramas, TV Sci-Fi & Fantasy"
s2170,Movie,Sam Jay: 3 In The Morning,Kristian Mercado,United States,8/4/2020,2020,TV-MA,64 min,Stand-Up Comedy
s6913,Movie,Hamara Dil Aapke Paas Hai,Satish Kaushik,India,3/1/2018,2000,TV-14,158 min,"Dramas, International Movies, Music & Musicals"
s980,Movie,Düğün Dernek,"Selçuk Aydemir, Birkan Pusa",Turkey,4/23/2021,2013,TV-MA,102 min,"Comedies, International Movies"
s6397,Movie,Cézanne et moi,Daniele Thompson,Belgium,9/7/2017,2016,R,114 min,"Dramas, Independent Movies, International Movies"
s7840,Movie,Rebel Without a Cause,Nicholas Ray,United States,11/1/2019,1955,PG-13,111 min,"Classic Movies, Dramas"
s614,Movie,Voiceless,Robert O. Peters,Nigeria,7/1/2021,2020,TV-MA,112 min,"Dramas, International Movies, Thrillers"
s8704,Movie,We Are Your Friends,Max Joseph,United Kingdom,1/27/2020,2015,R,96 min,"Dramas, Independent Movies, Music & Musicals"
s3181,Movie,A Christmas Prince: The Royal Baby,John Schultz,United States,12/5/2019,2019,TV-PG,85 min,"Children & Family Movies, Dramas, Romantic Movies"
s6862,Movie,God's Not Dead,Harold Cronk,United States,4/1/2020,2014,PG,113 min,"Dramas, Faith & Spirituality"
s7285,Movie,Legendary Weapons of China,Chia-Liang Liu,Hong Kong,8/16/2018,1982,TV-14,101 min,"Action & Adventure, Cult Movies, International Movies"
s2798,TV Show,Vampires,Not Given,France,3/20/2020,2020,TV-MA,1 Season,"International TV Shows, TV Dramas, TV Horror"
s5959,Movie,9,Shane Acker,United States,11/16/2017,2009,PG-13,80 min,"Action & Adventure, Independent Movies, Sci-Fi & Fantasy"
s2169,TV Show,Mystery Lab,Not Given,Brazil,8/4/2020,2020,TV-PG,1 Season,"Docuseries, International TV Shows, Science & Nature TV"
s7304,Movie,Lifeline,Johnnie To,Hong Kong,8/16/2018,1997,TV-14,104 min,"Action & Adventure, International Movies"
s568,Movie,Congo,Frank Marshall,United States,7/1/2021,1995,PG-13,108 min,"Action & Adventure, Thrillers"
s5555,TV Show,Five Came Back,Laurent Bouzereau,Not Given,3/31/2017,2017,TV-MA,1 Season,Docuseries
s5442,Movie,The Wishing Tree,Manika Sharma,India,6/5/2017,2017,TV-14,117 min,"Children & Family Movies, Dramas, Music & Musicals"
s7,Movie,My Little Pony: A New Generation,"Robert Cullen, José Luis Ucha",Not Given,9/24/2021,2021,PG,91 min,Children & Family Movies
s323,TV Show,You're My Destiny,Not Given,Taiwan,8/3/2021,2008,TV-MA,1 Season,"International TV Shows, Romantic TV Shows, TV Comedies"
s7843,TV Show,Rectify,Not Given,United States,3/4/2017,2016,TV-MA,4 Seasons,"Crime TV Shows, TV Dramas, TV Mysteries"
s4623,TV Show,Reboot: The Guardian Code,Not Given,Canada,9/28/2018,2018,TV-Y7,2 Seasons,Kids' TV
s6719,TV Show,Exclusive Edition,James Lee,Not Given,8/14/2017,2008,TV-14,1 Season,"International TV Shows, TV Dramas"
s6449,Movie,Charlotte's Web,"Charles A. Nichols, Iwao Takamoto",United States,11/23/2019,1973,G,94 min,"Children & Family Movies, Classic Movies"
s8785,Movie,Yoko and His Friends,Not Given,Russia,6/23/2018,2015,TV-Y,78 min,Children & Family Movies
s6036,Movie,A Flying Jatt,Remo D'Souza,India,11/15/2017,2016,TV-14,142 min,"Action & Adventure, International Movies, Sci-Fi & Fantasy"
s5216,TV Show,In Laws,Not Given,Pakistan,10/16/2017,2016,TV-PG,1 Season,"International TV Shows, Romantic TV Shows, TV Dramas"
s6871,Movie,Golmaal: Fun Unlimited,Rohit Shetty,India,12/31/2019,2006,TV-14,148 min,"Comedies, International Movies"
s7159,Movie,Kaabil,Sanjay Gupta,India,6/25/2017,2017,TV-14,139 min,"Dramas, International Movies"
s261,TV Show,The Defeated,Not Given,Pakistan,8/18/2021,2020,TV-MA,1 Season,"Crime TV Shows, International TV Shows, TV Dramas"
s6026,Movie,7 Din Mohabbat In,"Meenu Gaur, Farjad Nabi",Pakistan,5/15/2019,2018,TV-PG,137 min,"Comedies, International Movies, Music & Musicals"
s1614,Movie,Effie Gray,Richard Laxton,United Kingdom,12/1/2020,2014,PG-13,109 min,"Dramas, International Movies, Romantic Movies"
s3340,TV Show,"Love, Chunibyo & Other Delusions!",Not Given,Japan,11/1/2019,2014,TV-PG,2 Seasons,"Anime Series, Romantic TV Shows, Teen TV Shows"
s2348,Movie,Kappela,Musthafa,India,6/22/2020,2020,TV-14,112 min,"Dramas, Independent Movies, International Movies"
s6457,TV Show,Cheers,Not Given,United States,7/1/2017,1992,TV-PG,11 Seasons,"Classic & Cult TV, TV Comedies"
s3363,Movie,Arsenio Hall: Smart & Classy,Brian Volk-Weiss,United States,10/29/2019,2019,TV-MA,63 min,Stand-Up Comedy
s229,Movie,The November Man,Roger Donaldson,United States,8/25/2021,2014,R,108 min,Action & Adventure
s2289,Movie,Shaitan,Bejoy Nambiar,India,7/5/2020,2011,TV-MA,126 min,"Action & Adventure, Dramas, Independent Movies"
s5615,Movie,Daniel Sosa: Sosafado,"Raúl Campos, Jan Suter",Mexico,2/3/2017,2017,TV-MA,78 min,Stand-Up Comedy
s6111,Movie,Alejandro Sanz: What I Was Is What I Am,"Gervasio Iglesias, Alexis Morante",Spain,8/18/2018,2018,TV-MA,102 min,"Documentaries, International Movies, Music & Musicals"
s8757,Movie,Woodstock,Barak Goodman,United States,8/13/2019,2019,TV-MA,97 min,"Documentaries, Music & Musicals"
s20,TV Show,Jaguar,Not Given,Pakistan,9/22/2021,2021,TV-MA,1 Season,"International TV Shows, Spanish-Language TV Shows, TV Action & Adventure"
s6957,Movie,Hell or High Water,David Mackenzie,United States,1/1/2019,2016,R,102 min,"Dramas, Independent Movies"
s8710,Movie,Weather forecast,Antoni Krauze,Poland,10/1/2019,1983,TV-MA,91 min,"Dramas, International Movies"
s7574,TV Show,Nature's Great Race,Not Given,United Kingdom,10/1/2017,2016,TV-PG,1 Season,"British TV Shows, Docuseries, Science & Nature TV"
s252,Movie,Like Crazy,Drake Doremus,United States,8/19/2021,2011,PG-13,91 min,"Dramas, Independent Movies, Romantic Movies"
s5667,Movie,Eddie - Strongman,Matt Bell,United Kingdom,12/15/2016,2015,TV-MA,98 min,"Documentaries, Sports Movies"
s3972,TV Show,Ainori Love Wagon: Asian Journey,Not Given,Japan,3/28/2019,2018,TV-MA,2 Seasons,"International TV Shows, Reality TV, Romantic TV Shows"
s8366,Movie,The Invention of Lying,"Ricky Gervais, Matthew Robinson",United States,1/1/2020,2009,PG-13,99 min,"Comedies, Romantic Movies"
s1354,Movie,Beverly Hills Ninja,Dennis Dugan,United States,2/1/2021,1997,PG-13,89 min,"Action & Adventure, Comedies"
s6866,Movie,Golden Time,Takuya Inaba,Japan,11/1/2017,2013,TV-Y,22 min,"International Movies, Sci-Fi & Fantasy"
s6631,Movie,Don't Knock Twice,Caradog W. James,United Kingdom,2/8/2019,2016,R,93 min,"Horror Movies, International Movies"
s152,Movie,Initial D,"Andrew Lau Wai-keung, Alan Mak",China,9/1/2021,2005,TV-14,109 min,"Action & Adventure, International Movies"
s1053,Movie,The Master,Paul Thomas Anderson,United States,4/15/2021,2012,R,137 min,"Dramas, Independent Movies"
s64,Movie,Naruto the Movie: Ninja Clash in the Land of Snow,Tensai Okamura,Japan,9/15/2021,2004,TV-PG,83 min,"Action & Adventure, Anime Features, International Movies"
s2899,Movie,Yeh Ballet,Sooni Taraporevala,India,2/21/2020,2020,TV-MA,117 min,"Dramas, International Movies"
s6198,Movie,Auschwitz: Blueprints of Genocide,Mike Rossiter,United Kingdom,1/19/2019,1994,TV-PG,49 min,Documentaries
s7004,Movie,Hot Bot,Michael Polish,United States,3/1/2016,2016,NR,93 min,Comedies
s6760,Movie,First Kill,Steven C. Miller,United Kingdom,9/1/2019,2017,R,102 min,Action & Adventure
s7395,Movie,Mandobasar Galpo,Tathagata Banerjee,India,4/1/2018,2017,TV-14,103 min,"Dramas, International Movies, Romantic Movies"
s8534,TV Show,The Traffickers,Not Given,United States,1/22/2018,2016,TV-MA,1 Season,"Crime TV Shows, Docuseries"
s4601,Movie,Race,"Mastan Alibhai Burmawalla, Abbas Alibhai Burmawalla",India,10/1/2018,2008,TV-14,155 min,"Action & Adventure, International Movies, Music & Musicals"
s8376,Movie,The Keeping Hours,Karen Moncrieff,United States,9/1/2018,2017,PG-13,95 min,"Dramas, Thrillers"
s5957,Movie,Just Another Love Story,Ole Bornedal,Denmark,5/5/2009,2007,TV-MA,104 min,"Dramas, International Movies"
s715,TV Show,Beyond Evil,Not Given,Pakistan,6/15/2021,2021,TV-MA,1 Season,"Crime TV Shows, International TV Shows, TV Thrillers"
s8756,TV Show,Women Behind Bars,Not Given,United States,11/1/2016,2010,TV-14,3 Seasons,"Crime TV Shows, Docuseries"
s7117,Movie,Jake's Buccaneer Blast,Not Given,Pakistan,8/6/2017,2014,TV-Y,22 min,Movies
s5348,TV Show,Bountiful Blessings,Not Given,Singapore,8/1/2017,2011,TV-14,1 Season,"International TV Shows, TV Dramas, TV Sci-Fi & Fantasy"
s1013,TV Show,Luis Miguel - The Series,Not Given,Mexico,4/19/2021,2021,TV-MA,2 Seasons,"International TV Shows, Spanish-Language TV Shows, TV Dramas"
s7312,Movie,Little Dragon Maiden,Hua Shan,Hong Kong,8/1/2018,1983,TV-14,92 min,"Action & Adventure, International Movies, Romantic Movies"
s8065,TV Show,Spartacus,Not Given,United States,2/1/2015,2013,TV-MA,4 Seasons,"TV Action & Adventure, TV Dramas"
s4868,TV Show,Evil Genius,"Trey Borzillieri, Barbara Schroeder",United States,5/11/2018,2018,TV-MA,1 Season,"Crime TV Shows, Docuseries, TV Mysteries"
s6654,Movie,Dukhtar,Afia Nathaniel,Pakistan,9/1/2016,2014,TV-14,93 min,"Dramas, Independent Movies, International Movies"
s6917,Movie,Hank: Five Years from the Brink,Joe Berlinger,United States,8/25/2018,2013,TV-14,86 min,Documentaries
s5698,Movie,Across Grace Alley,Ralph Macchio,United States,12/1/2016,2013,TV-PG,24 min,Dramas
s8615,Movie,Trainspotting,Danny Boyle,United Kingdom,10/1/2019,1996,R,94 min,"Comedies, Cult Movies, Dramas"
s6925,Movie,Hard Tide,"Robert Osman, Nathanael Wiseman",United Kingdom,9/6/2017,2015,TV-MA,79 min,"Dramas, Independent Movies"
s8358,TV Show,The Inbetweeners,Not Given,United Kingdom,1/1/2018,2010,TV-MA,3 Seasons,"British TV Shows, TV Comedies"
s4166,Movie,Animas,"Laura Alvea, José Ortuño",Spain,1/25/2019,2018,TV-MA,88 min,"Horror Movies, International Movies"
s3289,TV Show,Chief of Staff,Not Given,South Korea,11/12/2019,2019,TV-14,2 Seasons,"International TV Shows, Korean TV Shows, TV Dramas"
s5550,Movie,Salaakhen,A. Salaam,India,4/1/2017,1975,TV-14,134 min,"Action & Adventure, International Movies, Music & Musicals"
s8403,Movie,The Longshots,Fred Durst,United States,1/30/2019,2008,PG,95 min,"Comedies, Dramas, Sports Movies"
s1998,Movie,The Take,James Watkins,United Kingdom,9/16/2020,2016,R,92 min,"Action & Adventure, International Movies"
s7177,TV Show,Ken Burns: The Roosevelts: An Intimate History,Ken Burns,United States,2/22/2017,2014,TV-PG,1 Season,Docuseries
s601,Movie,The Game,David Fincher,United States,7/1/2021,1997,R,129 min,Thrillers
s7625,TV Show,Nuestra Lucha Libre,Not Given,Pakistan,8/15/2018,2018,TV-MA,1 Season,"Docuseries, International TV Shows, Spanish-Language TV Shows"
s2715,Movie,Violet Evergarden: Eternity and the Auto Memory Doll,Haruka Fujita,Japan,4/2/2020,2019,TV-PG,91 min,"Anime Features, International Movies, Sci-Fi & Fantasy"
s4,TV Show,Jailbirds New Orleans,Not Given,Pakistan,9/24/2021,2021,TV-MA,1 Season,"Docuseries, Reality TV"
s2898,Movie,The Last Thing He Wanted,Dee Rees,United States,2/21/2020,2020,R,116 min,"Dramas, Thrillers"
s7290,Movie,LEGO House - Home of the Brick,"Anders Falck, Stinus Morell Vithner",Not Given,6/15/2018,2018,TV-G,48 min,"Documentaries, International Movies"
s5703,Movie,Rainbow Time,Linas Phillips,United States,12/1/2016,2016,TV-MA,92 min,"Comedies, Dramas, Independent Movies"
s7753,Movie,Playing for Time,"Daniel Mann, Joseph Sargent",United States,12/1/2017,1980,TV-14,149 min,Dramas
s6300,Movie,Bhoot,Ram Gopal Varma,India,12/31/2019,2003,TV-MA,114 min,"Horror Movies, International Movies, Thrillers"
s7167,Movie,Kaleidoscope,Rupert Jones,United Kingdom,5/8/2018,2016,TV-MA,99 min,Thrillers
s3123,TV Show,Soundtrack,Not Given,United States,12/18/2019,2019,TV-MA,1 Season,"Romantic TV Shows, TV Dramas"
s1386,TV Show,Demon Slayer: Kimetsu no Yaiba,Not Given,Japan,1/22/2021,2019,TV-14,1 Season,"Anime Series, International TV Shows"
s7207,Movie,Kilo Two Bravo,Paul Katis,United Kingdom,3/1/2019,2014,R,109 min,"Dramas, Independent Movies, Thrillers"
s6916,Movie,Hangman,Johnny Martin,United States,5/6/2020,2017,R,99 min,Thrillers
s8778,Movie,Yes or No,Saratswadee Wongsomphet,Thailand,12/6/2018,2010,TV-PG,111 min,"International Movies, LGBTQ Movies, Romantic Movies"
s2001,Movie,Michael McIntyre: Showman,Chris Howe,United Kingdom,9/15/2020,2020,TV-MA,63 min,Stand-Up Comedy
s8711,TV Show,Weeds,Not Given,United States,4/1/2014,2012,TV-MA,8 Seasons,"TV Comedies, TV Dramas"
s7816,TV Show,Rab Se Sohna Isshq,Not Given,Pakistan,6/1/2017,2012,TV-14,1 Season,"International TV Shows, Romantic TV Shows, TV Dramas"
s3071,Movie,Posesif,Edwin,Indonesia,1/1/2020,2017,TV-MA,102 min,"Dramas, International Movies, Romantic Movies"
s2250,TV Show,The Epic Tales of Captain Underpants in Space,Not Given,United States,7/10/2020,2020,TV-Y7,1 Season,"Kids' TV, TV Action & Adventure, TV Comedies"
s1715,Movie,Prom Night,Nelson McCormick,United States,11/12/2020,2008,PG-13,88 min,Horror Movies
s40,TV Show,Chhota Bheem,Rajiv Chilaka,India,9/16/2021,2021,TV-Y7,3 Seasons,Kids' TV
s8471,Movie,The Push,"Grant Korgan, Brian Niles",United States,6/7/2019,2018,TV-MA,90 min,"Documentaries, Sports Movies"
s1108,Movie,God Calling,BB Sasore,Nigeria,4/2/2021,2018,TV-MA,120 min,"Dramas, Faith & Spirituality, International Movies"
s3505,TV Show,Fastest Car,Not Given,United States,9/20/2019,2019,TV-MA,2 Seasons,Reality TV
s7246,TV Show,Kurt Seyit & Sura,Not Given,Turkey,12/26/2016,2014,TV-14,1 Season,"International TV Shows, Romantic TV Shows, TV Dramas"
s4081,Movie,Zach Galifianakis: Live at the Purple Onion,Michael Blieden,United States,2/26/2019,2006,TV-MA,61 min,Stand-Up Comedy
s5786,TV Show,VeggieTales in the House,Not Given,United States,9/23/2016,2016,TV-Y,4 Seasons,Kids' TV
s4825,TV Show,Club de Cuervos Presents: The Ballad of Hugo Sánchez,Not Given,United States,6/18/2018,2018,TV-MA,1 Season,"International TV Shows, Spanish-Language TV Shows, TV Comedies"
s116,Movie,Bright Star,Jane Campion,United Kingdom,9/2/2021,2009,PG,119 min,"Dramas, Romantic Movies"
s5342,Movie,Enter the Warriors Gate,Matthias Hoene,France,8/5/2017,2016,PG-13,105 min,"Action & Adventure, International Movies, Sci-Fi & Fantasy"
s7562,Movie,National Bird,Sonia Kennebeck,United States,5/8/2017,2016,TV-MA,92 min,Documentaries
s2301,Movie,The Perfect Picture: Ten Years Later,Shirley Frimpong-Manso,Ghana,7/3/2020,2019,TV-MA,148 min,"Comedies, Dramas, International Movies"
s4879,Movie,Forgive Us Our Debts,Antonio Morabito,Italy,5/4/2018,2018,TV-MA,105 min,"Dramas, International Movies"
s3897,Movie,Brené Brown: The Call to Courage,Sandra Restrepo,Not Given,4/19/2019,2019,TV-14,77 min,Documentaries
s1179,Movie,Jiu Jitsu,Dimitri Logothetis,United States,3/20/2021,2020,R,102 min,Action & Adventure
s6937,Movie,Haseena Maan Jaayegi,David Dhawan,India,3/1/2018,1999,TV-PG,151 min,"Action & Adventure, Comedies, Dramas"
s4891,Movie,John Mulaney: Kid Gorgeous at Radio City,Alex Timbers,United States,5/1/2018,2018,TV-MA,65 min,Stand-Up Comedy
s2650,Movie,This Earth of Mankind,Hanung Bramantyo,Indonesia,4/23/2020,2019,TV-14,180 min,"Dramas, International Movies"
s4991,Movie,Stretch Armstrong: The Breakout,Victor Cook,United States,3/13/2018,2018,TV-Y7,104 min,Children & Family Movies
s7349,TV Show,Love Rain,Not Given,South Korea,5/1/2018,2012,TV-PG,1 Season,"International TV Shows, Korean TV Shows, Romantic TV Shows"
s8100,Movie,Straight Up,James Sweeney,United States,6/26/2020,2020,TV-MA,96 min,"Comedies, Independent Movies, LGBTQ Movies"
s8544,Movie,The Unborn Child,Poj Arnon,Thailand,7/30/2018,2011,TV-MA,93 min,"Horror Movies, International Movies"
s6858,TV Show,Glowing Embers,Not Given,Pakistan,8/14/2017,2010,TV-14,1 Season,"International TV Shows, TV Dramas"
s5437,TV Show,My Little Baby,Not Given,South Korea,6/10/2017,2016,TV-PG,1 Season,"Crime TV Shows, International TV Shows, Korean TV Shows"
s7610,Movie,NOVA: Holocaust Escape Tunnel,"Paula Apsell, Kirk Wolfinger",United States,7/1/2019,2017,TV-14,54 min,Documentaries
s3429,Movie,El Camino: A Breaking Bad Movie,Vince Gilligan,United States,10/11/2019,2019,TV-MA,123 min,"Dramas, Thrillers"
s7284,Movie,Legend of the Naga Pearls,Yang Lei,China,3/30/2018,2017,TV-MA,108 min,"Action & Adventure, International Movies, Sci-Fi & Fantasy"
s7636,Movie,Océans,"Jacques Perrin, Jacques Cluzaud",France,9/19/2019,2009,G,84 min,"Documentaries, International Movies"
s2881,TV Show,I Am Not Okay With This,Not Given,United States,2/26/2020,2020,TV-MA,1 Season,"TV Comedies, TV Dramas, TV Sci-Fi & Fantasy"
s2853,Movie,W.E.,Madonna,United Kingdom,3/3/2020,2011,R,119 min,"Dramas, Romantic Movies"
s1228,TV Show,Bombay Begums,Not Given,India,3/8/2021,2021,TV-MA,1 Season,"International TV Shows, TV Dramas"
s5870,TV Show,Turbo FAST,Not Given,United States,2/5/2016,2016,TV-Y7,3 Seasons,Kids' TV
s1138,Movie,The Knight and the Princess,Bashir El Deek,Egypt,4/1/2021,2019,TV-PG,96 min,"Action & Adventure, International Movies, Music & Musicals"
s2924,TV Show,Sleepless Society: Insomnia,"Pantham Thongsang, Cheewatan Pusitsuksa",Thailand,2/13/2020,2019,TV-MA,1 Season,"Crime TV Shows, International TV Shows, TV Dramas"
s5352,Movie,Handsome Devil,John Butler,Ireland,8/1/2017,2016,TV-MA,95 min,"Comedies, Dramas, International Movies"
s1437,Movie,Ratones Paranoicos: The Band that Rocked Argentina,"Alejandro Ruax, Ramiro Martínez",Not Given,1/6/2021,2021,TV-MA,76 min,"Documentaries, International Movies, Music & Musicals"
s3080,TV Show,ARASHI's Diary -Voyage-,Not Given,Japan,12/31/2019,2019,TV-PG,1 Season,"Docuseries, International TV Shows"
s5796,Movie,The White Helmets,Orlando von Einsiedel,United Kingdom,9/16/2016,2016,TV-PG,41 min,Documentaries
s8489,Movie,The River Thief,N.D. Wilson,United States,1/14/2017,2016,NR,87 min,"Dramas, Independent Movies"
s8117,Movie,Suite Française,Saul Dibb,United Kingdom,6/5/2017,2014,TV-MA,107 min,"Dramas, International Movies, Romantic Movies"
s3803,Movie,The Lonely Island Presents: The Unauthorized Bash Brothers Experience,"Mike Diva, Akiva Schaffer",Not Given,5/23/2019,2019,TV-MA,30 min,"Comedies, Music & Musicals, Sports Movies"
s1736,Movie,One More Try,Ruel S. Bayani,Philippines,11/5/2020,2012,TV-14,102 min,"Dramas, International Movies, Romantic Movies"
s8591,Movie,Tikli and Laxmi Bomb,Aditya Kripalani,India,8/1/2018,2017,TV-MA,151 min,"Dramas, International Movies"
s3678,TV Show,True Tunes,Not Given,Pakistan,7/12/2019,2019,TV-Y,1 Season,Kids' TV
s7075,Movie,Indiscretion,John Stewart Muller,United States,2/1/2017,2016,TV-MA,99 min,"Dramas, Thrillers"
s1518,Movie,Ma Rainey's Black Bottom,George C. Wolfe,United States,12/18/2020,2020,R,94 min,"Dramas, Music & Musicals"
s8140,Movie,Sweet Virginia,Jamie M. Dagg,United States,12/1/2019,2017,R,93 min,"Dramas, Independent Movies, Thrillers"
s5833,Movie,Gridlocked,Allan Ungar,Canada,7/14/2016,2015,R,114 min,Action & Adventure
s2943,TV Show,My Holo Love,Not Given,Pakistan,2/7/2020,2020,TV-14,1 Season,"International TV Shows, Korean TV Shows, Romantic TV Shows"
s153,Movie,Janoskians: Untold and Untrue,Brett Weiner,United States,9/1/2021,2016,TV-MA,88 min,Comedies
s3952,Movie,Jagat,Shanjey Kumar Perumal,Malaysia,4/2/2019,2015,TV-MA,76 min,"Dramas, International Movies"
s1069,TV Show,Unnatural Selection,Not Given,United States,4/14/2021,2019,TV-MA,1 Season,"Docuseries, Science & Nature TV"
s6822,Movie,Gagarin: First in Space,Pavel Parkhomenko,Russia,9/15/2017,2013,TV-14,108 min,"Dramas, International Movies"
s6043,Movie,A Kind of Murder,Andy Goddard,United States,5/1/2017,2016,R,96 min,Thrillers
s6696,TV Show,Encounters with Evil,Not Given,United Kingdom,7/12/2019,2016,TV-14,1 Season,"British TV Shows, Crime TV Shows, Docuseries"
s8170,Movie,Terrifier,Damien Leone,United States,9/1/2018,2017,TV-MA,84 min,"Horror Movies, Independent Movies, Thrillers"
s4074,Movie,Four Sisters and a Wedding,Cathy Garcia-Molina,Philippines,2/27/2019,2013,TV-14,125 min,"Comedies, Dramas, International Movies"
s6374,TV Show,Braxton Family Values,Not Given,United States,2/15/2020,2014,TV-PG,2 Seasons,Reality TV
s4981,TV Show,Wild Wild Country,Not Given,United States,3/16/2018,2018,TV-MA,1 Season,"Crime TV Shows, Docuseries"
s7221,Movie,Knowing,Alex Proyas,United States,10/1/2019,2009,PG-13,121 min,"Sci-Fi & Fantasy, Thrillers"
s6679,TV Show,El Vato,Not Given,United States,2/24/2018,2017,TV-MA,2 Seasons,"International TV Shows, Spanish-Language TV Shows, TV Comedies"
s1248,Movie,Banyuki,Hidenori Inoue,Not Given,3/1/2021,2009,TV-PG,182 min,"Action & Adventure, Dramas, International Movies"
s2639,Movie,الف مبروك,Ahmed Nader Galal,Egypt,4/25/2020,2009,TV-14,115 min,"Comedies, Dramas, International Movies"
s7899,Movie,Rukh,Atanu Mukherjee,India,4/1/2018,2017,TV-MA,103 min,"Dramas, Independent Movies, International Movies"
s5659,TV Show,Sense8,Not Given,United States,12/23/2016,2018,TV-MA,2 Seasons,"Crime TV Shows, TV Dramas, TV Mysteries"
s1023,Movie,Taare Zameen Par,Aamir Khan,India,4/17/2021,2007,PG,162 min,"Dramas, International Movies"
s841,Movie,Baggio: The Divine Ponytail,Letizia Lamartire,Italy,5/26/2021,2021,TV-MA,92 min,"Dramas, International Movies, Sports Movies"
s4174,Movie,Just Love,"Andy Caballero, Diego Corsini",Argentina,1/24/2019,2018,TV-MA,96 min,"Dramas, International Movies, Music & Musicals"
s2053,Movie,"Love, Guaranteed",Mark Steven Johnson,United States,9/3/2020,2020,TV-PG,91 min,"Comedies, Independent Movies, Romantic Movies"
s768,TV Show,Creator's File: GOLD,Not Given,Japan,6/3/2021,2021,TV-14,1 Season,"International TV Shows, TV Comedies"
s1454,Movie,Good Burger,Brian Robbins,United States,1/1/2021,1997,PG,96 min,"Children & Family Movies, Comedies"
s2693,Movie,LA Originals,Not Given,United States,4/10/2020,2020,TV-MA,92 min,"Documentaries, International Movies, Music & Musicals"
s6039,Movie,A Gray State,Erik Nelson,United States,12/25/2017,2017,TV-MA,93 min,Documentaries
s7690,TV Show,P. King Duckling,Not Given,United States,11/7/2017,2016,TV-Y,1 Season,"Kids' TV, TV Comedies"
s7444,Movie,Men in Black II,Barry Sonnenfeld,United States,10/1/2019,2002,PG-13,88 min,"Action & Adventure, Comedies, Sci-Fi & Fantasy"
s6509,TV Show,Club Friday To Be Continued - My Beautiful Tomboy,Not Given,Pakistan,4/13/2018,2016,TV-MA,1 Season,"International TV Shows, Romantic TV Shows, TV Comedies"
s1667,Movie,Alien Xmas,Stephen Chiodo,United States,11/20/2020,2020,TV-Y,42 min,Children & Family Movies
s1894,TV Show,DreamWorks Happy Holidays from Madagascar,Not Given,United States,10/2/2020,2005,TV-PG,1 Season,"Kids' TV, TV Comedies"
s7467,Movie,Miss Me This Christmas,Kenny Young,United States,12/19/2017,2017,TV-14,85 min,Romantic Movies
s4234,Movie,Bill Hicks: Sane Man,"Kevin Booth, David Johndrow",United States,12/31/2018,1989,TV-MA,81 min,Stand-Up Comedy
s1600,Movie,Break,Marc Fouchard,France,12/3/2020,2018,TV-MA,96 min,"Comedies, Dramas, International Movies"
s3309,Movie,Tune in for Love,Jung Ji-woo,South Korea,11/5/2019,2019,TV-MA,123 min,"Dramas, International Movies, Romantic Movies"
s2779,Movie,Bethany Hamilton: Unstoppable,Aaron Lieber,United States,3/25/2020,2019,PG,100 min,"Children & Family Movies, Documentaries, Sports Movies"
s6482,Movie,Christopher Robin,Marc Forster,United States,3/5/2019,2018,PG,104 min,"Children & Family Movies, Comedies, Dramas"
s8771,Movie,Yaadein,Subhash Ghai,India,3/1/2018,2001,TV-14,171 min,"Dramas, International Movies, Romantic Movies"
s174,Movie,Snervous Tyler Oakley,Amy Rice,United States,9/1/2021,2015,PG-13,83 min,"Documentaries, LGBTQ Movies"
s8201,Movie,The Bachelors,Kurt Voelker,United States,2/21/2018,2017,TV-14,100 min,Dramas
s8165,Movie,Ten Years,"Jevons Au, Zune Kwok, Chow Kwun-wai, Ng Ka-Leung, Wong Fei-Pang",Hong Kong,2/12/2019,2015,TV-MA,102 min,"Dramas, Independent Movies, International Movies"
s3237,TV Show,Once Upon A Time In Lingjian Mountain,Not Given,China,11/23/2019,2019,TV-14,1 Season,"International TV Shows, TV Comedies, TV Sci-Fi & Fantasy"
s7279,Movie,"LeapFrog: Sing-along, Read-along",Ron Myrick,United States,4/15/2020,2011,TV-Y,32 min,Children & Family Movies
s1765,Movie,Snowden,Oliver Stone,United Kingdom,11/1/2020,2016,R,134 min,"Dramas, Thrillers"
s1630,Movie,U-Turn,Derick Cabrido,Philippines,12/1/2020,2020,TV-MA,99 min,"Horror Movies, International Movies"
s4743,TV Show,The Could’ve-Gone-All-the-Way Committee,Not Given,Japan,8/1/2018,2018,TV-14,1 Season,"International TV Shows, Romantic TV Shows, TV Dramas"
s927,Movie,Au coeur des gangs,Vondie Curtis-Hall,United States,5/1/2021,2006,R,97 min,"Action & Adventure, Dramas"
s5340,Movie,Baahubali: The Beginning (Tamil Version),S.S. Rajamouli,Not Given,8/7/2017,2015,TV-14,159 min,"Action & Adventure, Dramas, International Movies"
s4663,TV Show,Monkey Twins,Not Given,Thailand,9/2/2018,2018,TV-MA,1 Season,"Crime TV Shows, International TV Shows, TV Action & Adventure"
s2800,Movie,Altered Carbon: Resleeved,"Takeru Nakajima, Yoshiyuki Okada",Japan,3/19/2020,2020,TV-MA,75 min,"Action & Adventure, Anime Features, International Movies"
s308,Movie,Aftermath,Peter Winther,United States,8/4/2021,2021,TV-MA,115 min,Horror Movies
s3186,TV Show,The Road to Love,Not Given,Colombia,12/4/2019,2019,TV-14,1 Season,"International TV Shows, Romantic TV Shows, Spanish-Language TV Shows"
s3651,Movie,Twins Mission,To-hoi Kong,Hong Kong,7/21/2019,2007,TV-MA,102 min,"Action & Adventure, International Movies"
s3689,TV Show,Bangkok Love Stories: Objects of Affection,Not Given,Thailand,7/2/2019,2019,TV-14,1 Season,"International TV Shows, Romantic TV Shows, TV Dramas"
s7095,Movie,Iqbal,Nagesh Kukunoor,India,3/1/2018,2006,TV-Y7,127 min,"Dramas, Independent Movies, International Movies"
s5831,Movie,Rebirth,Karl Mueller,United States,7/15/2016,2016,TV-MA,101 min,"Dramas, Thrillers"
s7963,Movie,Scream 3,Wes Craven,United States,7/1/2019,2000,R,117 min,Horror Movies
s1737,Movie,Operation Christmas Drop,Martin Wood,United States,11/5/2020,2020,TV-G,96 min,"Children & Family Movies, Comedies, Romantic Movies"
s7724,Movie,Pekak,Mohd Khairul Azri Bin Md Noor,Malaysia,8/25/2017,2016,TV-MA,95 min,"Dramas, International Movies"
s2576,TV Show,WWII in HD,Not Given,United States,5/2/2020,2009,TV-14,1 Season,Docuseries
s2050,Movie,You're My Boss,Antoinette Jadaone,Philippines,9/4/2020,2015,TV-14,117 min,"Comedies, International Movies, Romantic Movies"
s5689,Movie,One in a Billion,Roman Gackowski,United States,12/6/2016,2016,TV-14,70 min,"Documentaries, Sports Movies"
s2121,Movie,Les Misérables,Tom Hooper,United Kingdom,8/16/2020,2012,PG-13,158 min,"Dramas, International Movies, Music & Musicals"
s5375,Movie,Amar,Esteban Crespo,Spain,7/15/2017,2017,TV-MA,104 min,"Dramas, International Movies, Romantic Movies"
s3920,Movie,Thriller,Dallas Jackson,United States,4/14/2019,2018,TV-MA,87 min,Horror Movies
s4987,Movie,The Art of Loving,Maria Sadowska,Poland,3/15/2018,2017,TV-MA,115 min,"Dramas, International Movies"
s791,Movie,Dream/Killer,Andrew Jenks,United States,6/2/2021,2015,TV-MA,109 min,Documentaries
s4293,Movie,Maps to the Stars,David Cronenberg,Canada,12/16/2018,2014,R,112 min,"Comedies, Dramas"
s1597,TV Show,The Great British Baking Show: Holidays,Not Given,Pakistan,12/4/2020,2020,TV-MA,3 Seasons,"British TV Shows, Reality TV"
s3551,TV Show,Styling Hollywood,Not Given,Pakistan,8/30/2019,2019,TV-14,1 Season,Reality TV
s4691,Movie,Bareilly Ki Barfi,Ashwiny Iyer Tiwari,India,8/21/2018,2017,TV-14,110 min,"Comedies, Dramas, International Movies"
s6099,Movie,Aftershock,Nicolás López,United States,3/7/2018,2012,R,89 min,"Action & Adventure, Horror Movies"
s1079,Movie,Shiva: The Secret World Of Vedas City,Suhas Kadav,India,4/13/2021,2017,TV-Y,78 min,Children & Family Movies
s7643,Movie,Officer Downe,Shawn Crahan,United States,3/30/2017,2016,R,91 min,Action & Adventure
s1162,Movie,Elizabeth and Margaret: Love and Loyalty,Not Given,United Kingdom,3/26/2021,2020,TV-PG,87 min,Documentaries
s7694,TV Show,Pacific Heat,Not Given,Australia,12/2/2016,2016,TV-14,1 Season,"Crime TV Shows, TV Comedies"
s7729,Movie,Perfect Stranger,James Foley,United States,1/1/2019,2007,R,109 min,Thrillers
s4865,Movie,Spivak,"Anthony Abrams, Adam Larson Broder",United States,5/12/2018,2017,TV-MA,92 min,"Comedies, Independent Movies"
s6373,Movie,Brave New Jersey,Jody Lambert,United States,12/15/2017,2016,TV-MA,92 min,"Comedies, Independent Movies"
s5006,Movie,Adel Karam: Live from Beirut,Not Given,United States,3/1/2018,2018,TV-MA,59 min,Stand-Up Comedy
s7846,Movie,Red Oleanders Raktokarobi,Amitava Bhattacharya,India,9/15/2018,2017,TV-14,112 min,"Dramas, International Movies"
s5141,Movie,DreamWorks Home: For the Holidays,Not Given,United States,12/1/2017,2017,TV-Y,46 min,"Children & Family Movies, Comedies, Music & Musicals"
s7064,Movie,Incoming,Eric Zaragosa,Serbia,10/26/2018,2019,TV-MA,89 min,"Action & Adventure, Sci-Fi & Fantasy"
s4736,Movie,Tere Naal Love Ho Gaya,Mandeep Kumar,India,8/2/2018,2012,TV-14,127 min,"Comedies, International Movies, Romantic Movies"
s2674,Movie,The Legacy of the Bones,Fernando González Molina,Spain,4/17/2020,2019,TV-MA,121 min,"International Movies, Thrillers"
s8256,Movie,The Consul's Son,Amr Arafa,Egypt,4/25/2019,2011,TV-14,114 min,"Comedies, International Movies, Thrillers"
s4330,Movie,A Beautiful Life,Andrew Lau Wai-Keung,China,12/1/2018,2011,TV-14,122 min,"Dramas, International Movies, Romantic Movies"
s2018,Movie,Bhai: Vyakti Ki Valli - Poorvardha,Mahesh Manjrekar,India,9/10/2020,2019,TV-14,116 min,"Dramas, International Movies"
s7614,Movie,NOVA: Poisoned Water,Llewellyn M. Smith,United States,7/1/2019,2017,TV-PG,54 min,Documentaries
s1950,TV Show,The Good Place,Not Given,United States,9/26/2020,2020,TV-14,4 Seasons,TV Comedies
s4562,Movie,Delhi 6,Rakeysh Omprakash Mehra,India,10/1/2018,2009,TV-14,128 min,"Dramas, International Movies"
s7947,Movie,Savage Dog,Jesse V. Johnson,United States,11/1/2017,2017,TV-MA,95 min,"Action & Adventure, Independent Movies"
s3232,Movie,True: Winter Wishes,"Mark Thornton, Todd Kauffman",United States,11/26/2019,2019,TV-Y,46 min,Children & Family Movies
s5823,TV Show,Cocaine,Not Given,United Kingdom,8/1/2016,2005,TV-14,1 Season,"British TV Shows, Crime TV Shows, Docuseries"
